{
  "oldParams": true,
  "wave_type": 1,
  "p_env_attack": 0,
  "p_env_sustain": 0.10870184450749838,
  "p_env_punch": 0,
  "p_env_decay": 0.2245300084877418,
  "p_base_freq": 0.894445644146332,
  "p_freq_limit": 0.07460536506485493,
  "p_freq_ramp": -0.4302658280059465,
  "p_freq_dramp": 0,
  "p_vib_strength": 0,
  "p_vib_speed": 0,
  "p_arp_mod": 0,
  "p_arp_speed": 0,
  "p_duty": 0.23656944134741598,
  "p_duty_ramp": 0.07714783926078415,
  "p_repeat_speed": 0,
  "p_pha_offset": 0,
  "p_pha_ramp": 0,
  "p_lpf_freq": 1,
  "p_lpf_ramp": 0,
  "p_lpf_resonance": 0,
  "p_hpf_freq": 0.2845346171767661,
  "p_hpf_ramp": 0,
  "sound_vol": 0.25,
  "sample_rate": 44100,
  "sample_size": 8
}